BOARD_ID,BOARD_NAME,SPRINT_ID,SPRINT_NAME
742,EMA board,3041,Sprint 0: 8/15/19 - 8/28/19
742,EMA board,3023,Sprint 2: 9/12/19 - 9/25/19
742,EMA board,3024,Sprint 3: 9/26/19 - 10/9/19
742,EMA board,3137,Sprint 6: 11/7/19 - 11/20/19
742,EMA board,3109,Sprint 28: 9/10/20 - 9/23/2020
742,EMA board,3160,Sprint 44: 5/6/2021-5/19/2021
742,EMA board,3102,Sprint 45: 5/20/2021-6/2/2021
742,EMA board,3110,Sprint 50: 7/29/2021-8/11/2021
742,EMA board,3162,Sprint 58: 11/18/21-12/1/21
742,EMA board,3119,Sprint 63: 1/27/22-2/9/22
742,EMA board,3145,Sprint 69: 4/21/22-5/4/22
742,EMA board,3147,Sprint 70: 5/5/22-5/18/22
742,EMA board,3042,Sprint 71: 5/19/22-6/1/22
742,EMA board,3016,Sprint 72: 6/2/22-6/15/22
742,EMA board,3039,Sprint 79: 9/8/22-9/21/22
742,EMA board,3026,Sprint 96: 5/4/23-5/17/23
742,EMA board,3071,Sprint 106: 9/21/23-10/4/23
742,EMA board,3126,Sprint - 2414EMA
742,EMA board,3056,Sprint - 2418EMA
742,EMA board,3061,Sprint - 2428EMA
742,EMA board,3082,Sprint - 2442EMA
742,EMA board,3155,Sprint - 2448EMA
742,EMA board,3092,Sprint 2508EMA
742,EMA board,3141,Sprint - 2516EMA
742,EMA board,2114,VO Sprint 21
742,EMA board,2154,VO Sprint 80 -ERT by Feeder
742,EMA board,3017,Sprint 74: 6/30/22-7/13/22
742,EMA board,3018,Sprint 75: 7/14/22-7/27/22
742,EMA board,3019,Sprint 80: 9/22/22-10/5/22
742,EMA board,3020,Sprint 81: 10/6/22-10/19/22
742,EMA board,3021,Sprint 87: 12/29/22-1/11/23
742,EMA board,3022,Sprint 10: 1/2/20 - 1/15/20
742,EMA board,3025,Sprint 90: 2/9/23-2/22/23
742,EMA board,3027,Sprint 97: 5/18/23-5/31/23
742,EMA board,3028,Sprint - 2426EMA
742,EMA board,3029,Sprint 99: 6/15/23-6/28/23
742,EMA board,3030,Sprint 102: 7/27/23-8/9/23
742,EMA board,3031,Sprint 73: 6/16/22-6/29/22
742,EMA board,3032,Sprint 103: 8/10/23-8/23/23
742,EMA board,3033,Sprint - 2430EMA
742,EMA board,3034,Sprint 14: 2/27/20 - 3/11/20
742,EMA board,3035,Sprint 108: 10/19/23-11/1/23
742,EMA board,3036,Sprint 113: 12/28/23-1/10/24
742,EMA board,3037,Sprint 77: 8/11/22-8/24/22
742,EMA board,3038,Sprint 17: 4/09/20 - 4/22/20
742,EMA board,3040,Sprint 86: 12/15/22-12/28/22
742,EMA board,3043,Sprint 5: 10/24/19 - 11/6/19
742,EMA board,3044,Sprint 76: 7/28/22-8/10/22
742,EMA board,3045,Sprint 7: 11/21/19 -12/4/19
742,EMA board,3047,Sprint 88: 1/12/23-1/25/23
742,EMA board,3048,Sprint 78: 8/25/22-9/7/22
742,EMA board,3049,Sprint 13: 2/13/20 - 2/26/20
742,EMA board,3050,Sprint - 2412EMA
742,EMA board,3051,Sprint - 2420EMA
742,EMA board,3052,Sprint - 2416EMA
742,EMA board,3053,Sprint 92: 3/9/23-3/22/23
742,EMA board,3054,Sprint 8: 12/5/19 - 12/18/19
742,EMA board,3055,Sprint 94: 4/6/23-4/19/23
742,EMA board,3057,Sprint - 2424EMA
742,EMA board,3058,Sprint 91: 2/23/23-3/8/23
742,EMA board,3059,Sprint 100: 6/29/23-7/12/23
742,EMA board,3060,Sprint 93: 3/23/23-4/5/23
742,EMA board,3062,Sprint 104: 8/24/23-9/6/23
742,EMA board,3063,Sprint 98: 6/1/23-6/14/23
742,EMA board,3064,Sprint 101: 7/14/23-7/27/23
742,EMA board,3065,Sprint 105: 9/7/23-9/20/23
742,EMA board,3066,Sprint 16: 3/26/20 - 4/08/20
742,EMA board,3067,Sprint - 2432EMA
742,EMA board,3068,Sprint 112: 12/15/23-12/28/23
742,EMA board,3069,Sprint 15: 3/12/20 - 3/25/20
742,EMA board,3070,Sprint 18: 4/23/20 - 5/06/20
742,EMA board,3072,Sprint - 2436EMA
742,EMA board,3073,Sprint - 2434EMA
742,EMA board,3074,Sprint 19: 5/07/20 - 5/20/20
742,EMA board,3075,Sprint - 2438EMA
742,EMA board,3076,Sprint 21: 6/04/20 - 6/17/20
742,EMA board,3077,Sprint 23: 7/2/20 - 7/15/20
742,EMA board,3078,Sprint 25: 7/30/20 - 8/12/2020
742,EMA board,3079,Sprint 26: 8/13/20 - 8/26/2020
742,EMA board,3080,Sprint 27: 8/27/20 - 9/9/2020
742,EMA board,3081,Sprint 29: 9/24/20 - 10/7/2020
742,EMA board,3083,Sprint 30: 10/8/20 - 10/21/20
742,EMA board,3084,Sprint 31: 10/22/20 - 11/04/20
742,EMA board,3085,Sprint - 2502EMA
742,EMA board,3086,Sprint - 2450EMA
742,EMA board,3087,Sprint 38: 2/11/2021-2/24/2021
742,EMA board,3088,Sprint 41: 3/25/2021-4/7/2021
742,EMA board,3089,Sprint 33: 11/19/20 - 12/02/20
742,EMA board,3090,Sprint 42: 4/8/2021-4/21/2021
742,EMA board,3091,Sprint - 2452EMA
742,EMA board,3093,Sprint 40: 3/11/2021-3/24/2021
742,EMA board,3094,Sprint - 2512EMA
742,EMA board,3095,Sprint 43: 4/22/2021-5/5/2021
742,EMA board,3096,Sprint 60: 12/16/21-12/29/21
742,EMA board,3097,Sprint 62: 1/13/22-1/26/22
742,EMA board,3098,Sprint 114
742,EMA board,3099,Sprint - 2406EMA
742,EMA board,3100,Sprint - 2510EMA
742,EMA board,3101,Sprint - 2408EMA
742,EMA board,3103,Sprint 20: 5/21/20 - 6/03/20
742,EMA board,3104,Sprint 46: 6/3/2021-6/16/2021
742,EMA board,3105,Sprint - 2440EMA
742,EMA board,3106,Sprint 47: 6/17/2021-6/30/2021
742,EMA board,3107,Sprint 24: 7/16/20 - 7/29/20
742,EMA board,3108,Sprint 49: 7/15/2021-7/28/2021
742,EMA board,3111,Sprint -2444EMA
742,EMA board,3112,Sprint 54: 9/23/2021-10/6/2021
742,EMA board,3113,Sprint - 2446EMA
742,EMA board,3114,Sprint 36: 1/14/2021-1/27/2021
742,EMA board,3115,Sprint 57: 11/4/21-11/17/21
742,EMA board,3116,Sprint 37: 1/28/2021-2/10/2021
742,EMA board,3117,Sprint 59: 12/2/21-12/15/21
742,EMA board,3118,Sprint - 2504EMA
742,EMA board,3120,Sprint - 2506EMA
742,EMA board,3121,Sprint 48: 7/1/2021-7/14/2021
742,EMA board,3122,Sprint - 2410EMA
742,EMA board,3123,Sprint 51: 8/12/2021-8/25/2021
742,EMA board,3124,Sprint 82: 10/20/22-11/2/22
742,EMA board,3125,Sprint 52: 8/26/2021-9/8/2021
742,EMA board,3127,Sprint 53: 9/9/2021-9/22/2021
742,EMA board,3128,Sprint 83: 11/3/22-11/16/22
742,EMA board,3129,Sprint 56: 10/21/21-11/3/21
742,EMA board,3130,Sprint 84: 11/17/22-11/30/22
742,EMA board,3131,Sprint 64: 2/10/22-2/23/22
742,EMA board,3132,Sprint 85: 12/1/22-12/14/22
742,EMA board,3133,Sprint 65: 2/24/22-3/9/22
742,EMA board,3134,Sprint 1: 8/29/19 - 9/11/19
742,EMA board,3135,Sprint 4: 10/10/19 - 10/23/19
742,EMA board,3136,Sprint 66: 3/10/22-3/23/22
742,EMA board,3139,Sprint - 2514EMA
742,EMA board,3140,Sprint 11: 1/16/20 - 1/29/20
742,EMA board,3142,Sprint 12: 1/30/20 - 2/12/20
742,EMA board,3143,Sprint 68: 4/7/22-4/20/22
742,EMA board,3144,Sprint 89: 1/26/23-2/8/23
742,EMA board,3146,Sprint - 2422EMA
742,EMA board,3148,Sprint 9: 12/19/19 - 1/1/19
742,EMA board,3149,Sprint 95: 4/20/23-5/3/23
742,EMA board,3150,Sprint 107: 10/5/23-10/18/23
742,EMA board,3151,Sprint 109: 11/2/23-11/15/23
742,EMA board,3152,Sprint 110: 11/16/23-11/29/23
742,EMA board,3153,Sprint 111: 11/30/23-12/13/23
742,EMA board,3154,Sprint 22: 6/18/20 - 7/1/20
742,EMA board,3156,Sprint 32: 11/05/20 - 11/18/20
742,EMA board,3157,Sprint 34: 12/03/20 - 12/22/20
742,EMA board,3158,Sprint 35: 1/4/2021-1/13/2021
742,EMA board,3159,Sprint 39: 2/25/2021-3/10-2021
742,EMA board,3161,Sprint 55: 10/7/21-10/20/21
742,EMA board,3163,Sprint 61: 12/30/21-1/12/22
742,EMA board,3164,Sprint 114
742,EMA board,3165,Sprint 67: 3/24/22-4/6/22
742,EMA board,3166,Sprint 115
742,EMA board,3184,Sprint - 2518EMA
742,EMA board,3138,Refined - Sprint Ready
742,EMA board,3046,Parking lot
742,EMA board,3320,Sprint - 2520EMA
742,EMA board,3322,Sprint - 2522EMA
742,EMA board,3325,Sprint - 2524EMA
742,EMA board,3324,Parking lot
742,EMA board,3323,Sprint Ready - Refined
742,EMA board,3321,Ready For Refinement
631,CDCI PMO,1443,2424MYEN
631,CDCI PMO,1462,2426MYEN
631,CDCI PMO,1476,2428MYEN
631,CDCI PMO,1486,2430MYEN
631,CDCI PMO,1500,2432MYEN
631,CDCI PMO,1501,2434MYEN
631,CDCI PMO,1526,2436MYEN
631,CDCI PMO,1550,2438MYEN
631,CDCI PMO,1559,2440MYEN
631,CDCI PMO,1573,2442MYEN
631,CDCI PMO,1585,2444MYEN
631,CDCI PMO,1204,MYEN Pre Sprint
631,CDCI PMO,1194,MYEN Sprint 1 (11 May- 7 Jun)
631,CDCI PMO,1197,MYEN Sprint 2 (8 Jun - 5 Jul)
631,CDCI PMO,1198,MYEN Sprint 3 (6 Jul - 9 Aug)
631,CDCI PMO,1199,MYEN Sprint 4 (10Aug - 30 Aug)
631,CDCI PMO,1200,MYEN Sprint 5 (31 Aug-27 Sep)
631,CDCI PMO,1201,MYEN Sprint 6 (28 Sep-15 Dec)
631,CDCI PMO,1310,2401MYEN
631,CDCI PMO,1312,2402MYEN
631,CDCI PMO,1339,2404MYEN
631,CDCI PMO,1393,2416MYEN
631,CDCI PMO,1364,2406MYEN
631,CDCI PMO,1376,2408MYEN
631,CDCI PMO,1380,2410MYEN
631,CDCI PMO,1392,2414MYEN
631,CDCI PMO,1391,2412MYEN
631,CDCI PMO,1422,2418MYEN
631,CDCI PMO,1423,2420MYEN
631,CDCI PMO,1424,2422MYEN
631,CDCI PMO,1421,2446MYEN
631,CDCI PMO,1599,2448MYEN
631,CDCI PMO,36,CD Sprint 2 - Release 0
631,CDCI PMO,33,CD Sprint 1 - Release 0
631,CDCI PMO,38,CD Sprint 3 - Release 0
631,CDCI PMO,39,CD Sprint 4 - Release 0
631,CDCI PMO,45,CD Sprint 1 - Release 1
631,CDCI PMO,82,TEST1234 Sprint 1
631,CDCI PMO,97,Sprint 2B
631,CDCI PMO,100,R3 Sprint 3
631,CDCI PMO,2157,MYENT Sprint 0
631,CDCI PMO,30,FR0 Future Release
631,CDCI PMO,46,CD Sprint 1 - Release 2
631,CDCI PMO,47,CD Sprint 1 - Release 3
631,CDCI PMO,48,CD Sprint 1 - Release 4
631,CDCI PMO,49,CD Sprint 2 - Release 1
631,CDCI PMO,51,CD Sprint 2 - Release 3
631,CDCI PMO,52,CD Sprint 2 - Release 4
631,CDCI PMO,50,CD Sprint 2 - Release 2
631,CDCI PMO,55,CD Sprint 3 - Release 3
631,CDCI PMO,56,CD Sprint 3 - Release 4
631,CDCI PMO,57,CD Sprint 4 - Release 1
631,CDCI PMO,58,CD Sprint 4 - Release 2
631,CDCI PMO,59,CD Sprint 4 - Release 3
631,CDCI PMO,60,CD Sprint 4 - Release 4
631,CDCI PMO,73,CD Sprint 3 - Release 4
631,CDCI PMO,74,CD Sprint 0 - Release 0
631,CDCI PMO,77,April 2022 Sprint 2
631,CDCI PMO,93,CD Sprint 0 - Release 1
631,CDCI PMO,137,CD Design Sprint 1
631,CDCI PMO,138,CD Design Sprint 2
631,CDCI PMO,139,CD Design Sprint 3
631,CDCI PMO,151,CD Design Sprint 2A
631,CDCI PMO,159,CD Sprint 3 - Release 1
631,CDCI PMO,161,CD Sprint 2A - Release 3
631,CDCI PMO,173,CDI Sprint 4
631,CDCI PMO,174,Ajay CC Misc Dec Non-B&P
631,CDCI PMO,175,Ajay CC Sprint 3 Non-B&P
631,CDCI PMO,179,Ajay CC December Release
631,CDCI PMO,187,Ajay CC Sp3 Non-P&O Jan Rel
631,CDCI PMO,211,CD Sprint 1 - Release 4.2
631,CDCI PMO,214,CD Sprint 4 - Release 4.2
631,CDCI PMO,239,REL-070920
631,CDCI PMO,240,REL-071620
631,CDCI PMO,241,REL-072320
631,CDCI PMO,242,REL-073020
631,CDCI PMO,246,Summer 20
631,CDCI PMO,259,REL-08062020
631,CDCI PMO,261,REL-08202020
631,CDCI PMO,284,REL-09102020
631,CDCI PMO,285,REL-09172020
631,CDCI PMO,286,REL-09242020
631,CDCI PMO,287,REL-10012020
631,CDCI PMO,288,REL-10082020
631,CDCI PMO,344,Spring21
631,CDCI PMO,436,PrePay
631,CDCI PMO,1607,Refinement
631,CDCI PMO,1417,Pre-Refinement
631,CDCI PMO,1382,Staging Area
673,C360CI board,766,CLMCPQ Sprint 1
673,C360CI board,817,CLMCPQ Sprint 2
673,C360CI board,821,CLMCPQ Sprint 3
673,C360CI board,822,CLMCPQ Sprint 4
673,C360CI board,823,CLMCPQ Sprint 5
673,C360CI board,824,CLMCPQ Sprint 6
673,C360CI board,825,CLMCPQ Sprint 7
673,C360CI board,826,CLMCPQ Sprint 8
673,C360CI board,827,CLMCPQ Sprint 9
673,C360CI board,828,CLMCPQ Sprint 10
673,C360CI board,829,CLMCPQ Sprint 11
673,C360CI board,1024,CLMCPQ R2 UAT - Sprint 1
673,C360CI board,1046,CLMCPQ R2 UAT
673,C360CI board,1047,CLMCPQ CCS Int - Sprint 2
673,C360CI board,1048,CLMCPQ - Hypercare - 3/20 Rel
673,C360CI board,1087,CAI Sprint 1
673,C360CI board,1102,CAI Sprint 2
673,C360CI board,1116,CAI Sprint 3
673,C360CI board,1133,CAI Sprint 4
673,C360CI board,1149,CAI Sprint 5
673,C360CI board,1154,CAI Sprint 6
673,C360CI board,1160,CLMCPQ - Hypercare - 3/30 Rel
673,C360CI board,1165,CAI Sprint 7
673,C360CI board,1168,CAI Sprint 8
673,C360CI board,1195,CAI Sprint 9
673,C360CI board,1209,CAI Sprint 10
673,C360CI board,1210,CAI Sprint 11
673,C360CI board,1218,CAI Sprint 12
673,C360CI board,1227,CAI Sprint 13
673,C360CI board,1230,CAI Sprint 14
673,C360CI board,1244,CAI Sprint 15
673,C360CI board,1246,CAI Sprint 16
673,C360CI board,1247,CAI Sprint 17
673,C360CI board,1248,CAI Sprint 18
673,C360CI board,1249,CAI Sprint 19
673,C360CI board,1251,CAI Sprint 20
673,C360CI board,1262,CAI Sprint 21
673,C360CI board,1266,CAI Sprint 22
673,C360CI board,1268,CAI Sprint 23
673,C360CI board,1272,CAI Sprint 24
673,C360CI board,1288,CAI Sprint 25
673,C360CI board,1291,CAI Sprint 26
673,C360CI board,1293,CAI Sprint 27
673,C360CI board,1335,CAI Sprint 28
673,C360CI board,1350,CAI Sprint 29
673,C360CI board,1369,CAI Sprint 30
673,C360CI board,1377,CAI Sprint 31
673,C360CI board,1385,CAI Sprint 32
673,C360CI board,1400,CAI Sprint 33
673,C360CI board,1419,CAI Sprint 34
673,C360CI board,1429,CAI Sprint 35
673,C360CI board,1459,Phase Sprint 1
673,C360CI board,1494,Phase Sprint 2
673,C360CI board,1507,Phase Sprint 3
673,C360CI board,1531,Phase Sprint 4
673,C360CI board,1557,Phase Sprint 5
673,C360CI board,1558,Phase Sprint 6
673,C360CI board,1581,Phase Sprint 7
673,C360CI board,1601,Phase Sprint 8
673,C360CI board,1617,Phase Sprint 9
673,C360CI board,1623,Phase Sprint 10
673,C360CI board,1635,C360CI Sprint 1
673,C360CI board,2051,C360CI Sprint 2
673,C360CI board,2052,C360CI Sprint 3
673,C360CI board,2053,C360CI Sprint 4
673,C360CI board,2054,C360CI Sprint 5
673,C360CI board,2055,C360CI Sprint 6
673,C360CI board,2056,C360CI Sprint 7
673,C360CI board,2057,C360CI Sprint 8
673,C360CI board,2058,C360CI Sprint 9
673,C360CI board,2059,C360CI Sprint 10
673,C360CI board,2060,C360CI Sprint 11
673,C360CI board,2061,C360CI Sprint 12
673,C360CI board,2062,C360CI Sprint 13
673,C360CI board,2063,C360CI Sprint 14
673,C360CI board,2064,C360CI Sprint 15
673,C360CI board,2065,C360CI Sprint 16
673,C360CI board,2066,C360CI Sprint 17
673,C360CI board,2067,C360CI Sprint 18
673,C360CI board,2068,C360CI Sprint 19
673,C360CI board,2069,C360CI Sprint 20
673,C360CI board,2070,C360CI Sprint 21
673,C360CI board,2071,C360CI Sprint 22
983,VOM board,2109,VO Sprint 2
983,VOM board,2128,VO Sprint 3
983,VOM board,2102,VO Sprint 4
983,VOM board,2106,VO Sprint 10
983,VOM board,2140,VO Sprint 42
983,VOM board,2112,VO Sprint 65
983,VOM board,2095,VO Sprint - 70
983,VOM board,2097,VO - Sprint 72
983,VOM board,2096,VO Sprint 40
983,VOM board,2098,VO Sprint 73 - ERT by Feeder
983,VOM board,2099,VO Sprint 44
983,VOM board,2100,VO Sprint 74 - ERT by Feeder
983,VOM board,2101,VO Sprint 39
983,VOM board,2103,VO Sprint 76 - ERT by Feeder
983,VOM board,2104,VO Sprint 7
983,VOM board,2105,VO Sprint 80 -ERT by Feeder
983,VOM board,2107,VO Sprint 1
983,VOM board,2108,VO Sprint 14
983,VOM board,2110,VO Sprint 17
983,VOM board,2111,VO Sprint 8
983,VOM board,2113,VO Sprint 11
983,VOM board,2114,VO Sprint 21
983,VOM board,2115,VO Sprint 12
983,VOM board,2116,VO Sprint 28
983,VOM board,2117,VO Sprint 31
983,VOM board,2118,VO Sprint 15
983,VOM board,2119,VO Sprint 18
983,VOM board,2120,VO Sprint 75 - ERT by Feeder
983,VOM board,2121,VO Sprint 22
983,VOM board,2122,VO Sprint 23
983,VOM board,2123,VO Sprint 77 - ERT by Feeder
983,VOM board,2124,VO Sprint 32
983,VOM board,2125,VO Sprint 43
983,VOM board,2126,VO Sprint 34
983,VOM board,2127,VO Sprint 66
983,VOM board,2129,VO Sprint 35
983,VOM board,2130,VO Sprint 9
983,VOM board,2131,VO Sprint 13
983,VOM board,2132,VO Sprint 19
983,VOM board,2133,VO Sprint 29
983,VOM board,2134,VO Sprint 30
983,VOM board,2135,VO Sprint 33
983,VOM board,2137,VO - Sprint 71
983,VOM board,2138,VO Sprint 41
983,VOM board,2139,VO Sprint 78 - ERT by Feeder
983,VOM board,2141,VO Sprint 79 -ERT by Feeder
983,VOM board,2142,VO Sprint 5
983,VOM board,2143,VO Sprint 6
983,VOM board,2144,VO Sprint 16
983,VOM board,2145,VO Sprint 20
983,VOM board,2146,VO Sprint 24
983,VOM board,2147,VO Sprint 25
983,VOM board,2148,VO Sprint 26
983,VOM board,2149,VO Sprint 27
983,VOM board,2150,VO Sprint 36
983,VOM board,2151,VO Sprint 37
983,VOM board,2152,VO Sprint 38
983,VOM board,2156,Sprint - 2513VOM
983,VOM board,2486,Sprint - 2515VOM
983,VOM board,2487,Sprint - 2517VOM
983,VOM board,3184,Sprint - 2518EMA
983,VOM board,2488,Sprint - 2519VOM
983,VOM board,3219,Sprint - 2521VOM
983,VOM board,3220,Sprint - 2523VOM
983,VOM board,3221,Sprint - 2525VOM
983,VOM board,3222,Sprint - 2527VOM
983,VOM board,3223,Sprint - 2529VOM
983,VOM board,3352,Sprint - 2531VOM
983,VOM board,3353,Sprint - 2533VOM
983,VOM board,3354,Sprint - 2535VOM
983,VOM board,3383,Sprint - 2537VOM
983,VOM board,2490,Refined - Sprint Ready VOM
983,VOM board,2491,To Be Refined VOM
31,CSBF board,33,CD Sprint 1 - Release 0
31,CSBF board,38,CD Sprint 3 - Release 0
31,CSBF board,45,CD Sprint 1 - Release 1
31,CSBF board,29,FR0 Sprint 0.2
31,CSBF board,30,FR0 Future Release
32,CDI Salesforce Base Framework,33,CD Sprint 1 - Release 0
32,CDI Salesforce Base Framework,38,CD Sprint 3 - Release 0
32,CDI Salesforce Base Framework,45,CD Sprint 1 - Release 1
32,CDI Salesforce Base Framework,29,FR0 Sprint 0.2
32,CDI Salesforce Base Framework,30,FR0 Future Release
73,Sprint 2 Scrum Board,36,CD Sprint 2 - Release 0
662,MCE board,1583,MCE Sprint 1
663,MCE2025 board,1590,MCE2025 Sprint 1
663,MCE2025 board,1616,MCE2025 Sprint 2
663,MCE2025 board,1638,MCE2025 Sprint 3
663,MCE2025 board,1639,MCE2025 Sprint 4
663,MCE2025 board,1713,MCE2025 Sprint 5
663,MCE2025 board,1714,MCE2025 Sprint 6
663,MCE2025 board,1715,MCE2025 Sprint 7
663,MCE2025 board,1716,MCE2025 Sprint 8
663,MCE2025 board,1910,MCE2025 Sprint 9
663,MCE2025 board,1911,MCE2025 Sprint 10
663,MCE2025 board,2224,MCE2025 Sprint 11
663,MCE2025 board,2225,MCE2025 Sprint 12
663,MCE2025 board,2822,MCE2025 Sprint 13
663,MCE2025 board,2823,MCE2025 Sprint 14
663,MCE2025 board,3186,MCE2025 Sprint 15
663,MCE2025 board,3187,MCE2025 Sprint 16
663,MCE2025 board,3188,MCE2025 Sprint 17
663,MCE2025 board,3189,MCE2025 Sprint 18
663,MCE2025 board,3190,MCE2025 Sprint 19
663,MCE2025 board,3191,MCE2025 Sprint 20
663,MCE2025 board,3192,MCE2025 Sprint 21
663,MCE2025 board,3193,MCE2025 Sprint 22
663,MCE2025 board,3194,MCE2025 Sprint 23
663,MCE2025 board,3195,MCE2025 Sprint 24
663,MCE2025 board,3196,MCE2025 Sprint 25
661,Complex Billing (All),2794,CB Team 1: Sprint 1
661,Complex Billing (All),2807,CB Team 1: Sprint 2
661,Complex Billing (All),2789,CB Team 2:  Sprint 3
661,Complex Billing (All),2799,CB Team 3:  Sprint 3
661,Complex Billing (All),2803,CB Team 4:  Sprint 3
661,Complex Billing (All),2808,CB Team 1: Sprint 3
661,Complex Billing (All),2790,CB Team 2:  Sprint 4
661,Complex Billing (All),2800,CB Team 3:  Sprint 4
661,Complex Billing (All),2804,CB Team 4:  Sprint 4
661,Complex Billing (All),2809,CB Team 1: Sprint 4
661,Complex Billing (All),2810,CB Team 1: Sprint 5
43,Customer Digital,36,CD Sprint 2 - Release 0
43,Customer Digital,33,CD Sprint 1 - Release 0
43,Customer Digital,38,CD Sprint 3 - Release 0
43,Customer Digital,39,CD Sprint 4 - Release 0
43,Customer Digital,45,CD Sprint 1 - Release 1
43,Customer Digital,46,CD Sprint 1 - Release 2
43,Customer Digital,47,CD Sprint 1 - Release 3
43,Customer Digital,48,CD Sprint 1 - Release 4
43,Customer Digital,49,CD Sprint 2 - Release 1
43,Customer Digital,51,CD Sprint 2 - Release 3
43,Customer Digital,52,CD Sprint 2 - Release 4
43,Customer Digital,50,CD Sprint 2 - Release 2
43,Customer Digital,54,CD Sprint 3 - Release 2
43,Customer Digital,55,CD Sprint 3 - Release 3
43,Customer Digital,56,CD Sprint 3 - Release 4
43,Customer Digital,57,CD Sprint 4 - Release 1
43,Customer Digital,58,CD Sprint 4 - Release 2
43,Customer Digital,59,CD Sprint 4 - Release 3
43,Customer Digital,60,CD Sprint 4 - Release 4
43,Customer Digital,74,CD Sprint 0 - Release 0
43,Customer Digital,77,April 2022 Sprint 2
43,Customer Digital,93,CD Sprint 0 - Release 1
43,Customer Digital,94,Deployment Sprint FR0
43,Customer Digital,137,CD Design Sprint 1
43,Customer Digital,138,CD Design Sprint 2
43,Customer Digital,139,CD Design Sprint 3
43,Customer Digital,159,CD Sprint 3 - Release 1
43,Customer Digital,161,CD Sprint 2A - Release 3
43,Customer Digital,173,CDI Sprint 4
43,Customer Digital,211,CD Sprint 1 - Release 4.2
43,Customer Digital,212,CD Sprint 2 - Release 4.2
43,Customer Digital,213,CD Sprint 3 - Release 4.2
43,Customer Digital,214,CD Sprint 4 - Release 4.2
43,Customer Digital,239,REL-070920
43,Customer Digital,242,REL-073020
43,Customer Digital,246,Summer 20
43,Customer Digital,259,REL-08062020
43,Customer Digital,285,REL-09172020
43,Customer Digital,286,REL-09242020
43,Customer Digital,287,REL-10012020
43,Customer Digital,288,REL-10082020
43,Customer Digital,344,Spring21
666,DMAN2024,1625,DMAN2024 Sprint 1
666,DMAN2024,1626,DMAN2024 Sprint 2
666,DMAN2024,1627,DMAN2024 Sprint 3
666,DMAN2024,1628,DMAN2024 Sprint 4
666,DMAN2024,1629,DMAN2024 Sprint 5
666,DMAN2024,1630,DMAN2024 Sprint 6
666,DMAN2024,1631,DMAN2024 Sprint 7
666,DMAN2024,2978,DMAN2024 Sprint 8
530,CAP Board,928,CAP Sprint 1
530,CAP Board,1076,CAP Sprint 2
530,CAP Board,1338,2404CAP
530,CAP Board,1363,2406CAP
530,CAP Board,1375,2408CAP
530,CAP Board,1379,2410 CAP
530,CAP Board,1395,2414CAP
530,CAP Board,1394,2412CAP
530,CAP Board,1396,2416CAP
530,CAP Board,1446,2424CAP
530,CAP Board,1433,2418CAP
530,CAP Board,1463,2426CAP
530,CAP Board,1444,2420CAP
530,CAP Board,1445,2422CAP
530,CAP Board,1475,2428CAP
530,CAP Board,1487,2430CAP
530,CAP Board,1502,2432CAP
530,CAP Board,1503,2434CAP
530,CAP Board,1525,2436CAP
530,CAP Board,1551,2438CAP
530,CAP Board,1560,2440CAP
530,CAP Board,1574,2442CAP
530,CAP Board,1586,2444CAP
530,CAP Board,1421,2446MYEN
530,CAP Board,1606,2446CAP
530,CAP Board,1613,2448CAP
530,CAP Board,1420,Pre-Refinement
530,CAP Board,2044,Future Sprint
107,John Customer Digital,36,CD Sprint 2 - Release 0
107,John Customer Digital,33,CD Sprint 1 - Release 0
107,John Customer Digital,38,CD Sprint 3 - Release 0
107,John Customer Digital,39,CD Sprint 4 - Release 0
107,John Customer Digital,45,CD Sprint 1 - Release 1
107,John Customer Digital,30,FR0 Future Release
107,John Customer Digital,46,CD Sprint 1 - Release 2
107,John Customer Digital,47,CD Sprint 1 - Release 3
107,John Customer Digital,48,CD Sprint 1 - Release 4
107,John Customer Digital,49,CD Sprint 2 - Release 1
107,John Customer Digital,51,CD Sprint 2 - Release 3
107,John Customer Digital,52,CD Sprint 2 - Release 4
107,John Customer Digital,50,CD Sprint 2 - Release 2
107,John Customer Digital,55,CD Sprint 3 - Release 3
107,John Customer Digital,56,CD Sprint 3 - Release 4
107,John Customer Digital,57,CD Sprint 4 - Release 1
107,John Customer Digital,58,CD Sprint 4 - Release 2
107,John Customer Digital,59,CD Sprint 4 - Release 3
107,John Customer Digital,60,CD Sprint 4 - Release 4
107,John Customer Digital,73,CD Sprint 3 - Release 4
107,John Customer Digital,74,CD Sprint 0 - Release 0
107,John Customer Digital,77,April 2022 Sprint 2
107,John Customer Digital,93,CD Sprint 0 - Release 1
107,John Customer Digital,137,CD Design Sprint 1
107,John Customer Digital,138,CD Design Sprint 2
107,John Customer Digital,139,CD Design Sprint 3
107,John Customer Digital,151,CD Design Sprint 2A
107,John Customer Digital,159,CD Sprint 3 - Release 1
107,John Customer Digital,161,CD Sprint 2A - Release 3
107,John Customer Digital,173,CDI Sprint 4
107,John Customer Digital,174,Ajay CC Misc Dec Non-B&P
107,John Customer Digital,175,Ajay CC Sprint 3 Non-B&P
107,John Customer Digital,179,Ajay CC December Release
107,John Customer Digital,187,Ajay CC Sp3 Non-P&O Jan Rel
107,John Customer Digital,211,CD Sprint 1 - Release 4.2
107,John Customer Digital,214,CD Sprint 4 - Release 4.2
107,John Customer Digital,246,Summer 20
107,John Customer Digital,344,Spring21
107,John Customer Digital,436,PrePay
667,System Performance 2025,1590,MCE2025 Sprint 1
667,System Performance 2025,1616,MCE2025 Sprint 2
667,System Performance 2025,1638,MCE2025 Sprint 3
667,System Performance 2025,1639,MCE2025 Sprint 4
667,System Performance 2025,1713,MCE2025 Sprint 5
667,System Performance 2025,1714,MCE2025 Sprint 6
667,System Performance 2025,1715,MCE2025 Sprint 7
667,System Performance 2025,1716,MCE2025 Sprint 8
667,System Performance 2025,1910,MCE2025 Sprint 9
667,System Performance 2025,1911,MCE2025 Sprint 10
667,System Performance 2025,2224,MCE2025 Sprint 11
667,System Performance 2025,2225,MCE2025 Sprint 12
667,System Performance 2025,2822,MCE2025 Sprint 13
667,System Performance 2025,2823,MCE2025 Sprint 14
667,System Performance 2025,3186,MCE2025 Sprint 15
667,System Performance 2025,3187,MCE2025 Sprint 16
145,Lea testing,45,CD Sprint 1 - Release 1
134,Defect,47,CD Sprint 1 - Release 3
134,Defect,77,April 2022 Sprint 2
444,ECS board,585,ECS Sprint 1
444,ECS board,587,ECS Sprint 2
225,CDI FR3 Kanban,36,CD Sprint 2 - Release 0
225,CDI FR3 Kanban,33,CD Sprint 1 - Release 0
225,CDI FR3 Kanban,38,CD Sprint 3 - Release 0
225,CDI FR3 Kanban,39,CD Sprint 4 - Release 0
225,CDI FR3 Kanban,45,CD Sprint 1 - Release 1
225,CDI FR3 Kanban,82,TEST1234 Sprint 1
225,CDI FR3 Kanban,97,Sprint 2B
225,CDI FR3 Kanban,100,R3 Sprint 3
225,CDI FR3 Kanban,30,FR0 Future Release
225,CDI FR3 Kanban,46,CD Sprint 1 - Release 2
225,CDI FR3 Kanban,47,CD Sprint 1 - Release 3
225,CDI FR3 Kanban,48,CD Sprint 1 - Release 4
225,CDI FR3 Kanban,49,CD Sprint 2 - Release 1
225,CDI FR3 Kanban,51,CD Sprint 2 - Release 3
225,CDI FR3 Kanban,52,CD Sprint 2 - Release 4
225,CDI FR3 Kanban,50,CD Sprint 2 - Release 2
225,CDI FR3 Kanban,55,CD Sprint 3 - Release 3
225,CDI FR3 Kanban,56,CD Sprint 3 - Release 4
225,CDI FR3 Kanban,57,CD Sprint 4 - Release 1
225,CDI FR3 Kanban,58,CD Sprint 4 - Release 2
225,CDI FR3 Kanban,59,CD Sprint 4 - Release 3
225,CDI FR3 Kanban,60,CD Sprint 4 - Release 4
225,CDI FR3 Kanban,73,CD Sprint 3 - Release 4
225,CDI FR3 Kanban,74,CD Sprint 0 - Release 0
225,CDI FR3 Kanban,77,April 2022 Sprint 2
225,CDI FR3 Kanban,93,CD Sprint 0 - Release 1
225,CDI FR3 Kanban,137,CD Design Sprint 1
225,CDI FR3 Kanban,138,CD Design Sprint 2
225,CDI FR3 Kanban,139,CD Design Sprint 3
225,CDI FR3 Kanban,151,CD Design Sprint 2A
225,CDI FR3 Kanban,159,CD Sprint 3 - Release 1
225,CDI FR3 Kanban,161,CD Sprint 2A - Release 3
225,CDI FR3 Kanban,173,CDI Sprint 4
225,CDI FR3 Kanban,174,Ajay CC Misc Dec Non-B&P
225,CDI FR3 Kanban,175,Ajay CC Sprint 3 Non-B&P
225,CDI FR3 Kanban,179,Ajay CC December Release
225,CDI FR3 Kanban,187,Ajay CC Sp3 Non-P&O Jan Rel
225,CDI FR3 Kanban,211,CD Sprint 1 - Release 4.2
225,CDI FR3 Kanban,214,CD Sprint 4 - Release 4.2
225,CDI FR3 Kanban,239,REL-070920
225,CDI FR3 Kanban,240,REL-071620
225,CDI FR3 Kanban,241,REL-072320
225,CDI FR3 Kanban,242,REL-073020
225,CDI FR3 Kanban,246,Summer 20
225,CDI FR3 Kanban,259,REL-08062020
225,CDI FR3 Kanban,261,REL-08202020
225,CDI FR3 Kanban,284,REL-09102020
225,CDI FR3 Kanban,285,REL-09172020
225,CDI FR3 Kanban,286,REL-09242020
225,CDI FR3 Kanban,287,REL-10012020
225,CDI FR3 Kanban,288,REL-10082020
225,CDI FR3 Kanban,344,Spring21
225,CDI FR3 Kanban,436,PrePay
171,Customer-Digital-DMA,36,CD Sprint 2 - Release 0
171,Customer-Digital-DMA,33,CD Sprint 1 - Release 0
171,Customer-Digital-DMA,38,CD Sprint 3 - Release 0
171,Customer-Digital-DMA,39,CD Sprint 4 - Release 0
171,Customer-Digital-DMA,45,CD Sprint 1 - Release 1
171,Customer-Digital-DMA,82,TEST1234 Sprint 1
171,Customer-Digital-DMA,97,Sprint 2B
171,Customer-Digital-DMA,100,R3 Sprint 3
171,Customer-Digital-DMA,30,FR0 Future Release
171,Customer-Digital-DMA,46,CD Sprint 1 - Release 2
171,Customer-Digital-DMA,47,CD Sprint 1 - Release 3
171,Customer-Digital-DMA,48,CD Sprint 1 - Release 4
171,Customer-Digital-DMA,49,CD Sprint 2 - Release 1
171,Customer-Digital-DMA,51,CD Sprint 2 - Release 3
171,Customer-Digital-DMA,52,CD Sprint 2 - Release 4
171,Customer-Digital-DMA,50,CD Sprint 2 - Release 2
171,Customer-Digital-DMA,55,CD Sprint 3 - Release 3
171,Customer-Digital-DMA,56,CD Sprint 3 - Release 4
171,Customer-Digital-DMA,57,CD Sprint 4 - Release 1
171,Customer-Digital-DMA,58,CD Sprint 4 - Release 2
171,Customer-Digital-DMA,59,CD Sprint 4 - Release 3
171,Customer-Digital-DMA,60,CD Sprint 4 - Release 4
171,Customer-Digital-DMA,73,CD Sprint 3 - Release 4
171,Customer-Digital-DMA,74,CD Sprint 0 - Release 0
171,Customer-Digital-DMA,77,April 2022 Sprint 2
171,Customer-Digital-DMA,93,CD Sprint 0 - Release 1
171,Customer-Digital-DMA,137,CD Design Sprint 1
171,Customer-Digital-DMA,138,CD Design Sprint 2
171,Customer-Digital-DMA,139,CD Design Sprint 3
171,Customer-Digital-DMA,151,CD Design Sprint 2A
171,Customer-Digital-DMA,159,CD Sprint 3 - Release 1
171,Customer-Digital-DMA,161,CD Sprint 2A - Release 3
171,Customer-Digital-DMA,173,CDI Sprint 4
171,Customer-Digital-DMA,174,Ajay CC Misc Dec Non-B&P
171,Customer-Digital-DMA,175,Ajay CC Sprint 3 Non-B&P
171,Customer-Digital-DMA,179,Ajay CC December Release
171,Customer-Digital-DMA,187,Ajay CC Sp3 Non-P&O Jan Rel
171,Customer-Digital-DMA,211,CD Sprint 1 - Release 4.2
171,Customer-Digital-DMA,214,CD Sprint 4 - Release 4.2
171,Customer-Digital-DMA,239,REL-070920
171,Customer-Digital-DMA,240,REL-071620
171,Customer-Digital-DMA,241,REL-072320
171,Customer-Digital-DMA,242,REL-073020
171,Customer-Digital-DMA,246,Summer 20
171,Customer-Digital-DMA,259,REL-08062020
171,Customer-Digital-DMA,261,REL-08202020
171,Customer-Digital-DMA,284,REL-09102020
171,Customer-Digital-DMA,285,REL-09172020
171,Customer-Digital-DMA,286,REL-09242020
171,Customer-Digital-DMA,287,REL-10012020
171,Customer-Digital-DMA,288,REL-10082020
171,Customer-Digital-DMA,344,Spring21
171,Customer-Digital-DMA,436,PrePay
156,Lea's,36,CD Sprint 2 - Release 0
156,Lea's,33,CD Sprint 1 - Release 0
156,Lea's,38,CD Sprint 3 - Release 0
156,Lea's,39,CD Sprint 4 - Release 0
156,Lea's,45,CD Sprint 1 - Release 1
156,Lea's,82,TEST1234 Sprint 1
156,Lea's,97,Sprint 2B
156,Lea's,100,R3 Sprint 3
156,Lea's,30,FR0 Future Release
156,Lea's,46,CD Sprint 1 - Release 2
156,Lea's,47,CD Sprint 1 - Release 3
156,Lea's,48,CD Sprint 1 - Release 4
156,Lea's,49,CD Sprint 2 - Release 1
156,Lea's,51,CD Sprint 2 - Release 3
156,Lea's,52,CD Sprint 2 - Release 4
156,Lea's,50,CD Sprint 2 - Release 2
156,Lea's,55,CD Sprint 3 - Release 3
156,Lea's,56,CD Sprint 3 - Release 4
156,Lea's,57,CD Sprint 4 - Release 1
156,Lea's,58,CD Sprint 4 - Release 2
156,Lea's,59,CD Sprint 4 - Release 3
156,Lea's,60,CD Sprint 4 - Release 4
156,Lea's,73,CD Sprint 3 - Release 4
156,Lea's,74,CD Sprint 0 - Release 0
156,Lea's,77,April 2022 Sprint 2
156,Lea's,93,CD Sprint 0 - Release 1
156,Lea's,137,CD Design Sprint 1
156,Lea's,138,CD Design Sprint 2
156,Lea's,139,CD Design Sprint 3
156,Lea's,151,CD Design Sprint 2A
156,Lea's,159,CD Sprint 3 - Release 1
156,Lea's,161,CD Sprint 2A - Release 3
156,Lea's,173,CDI Sprint 4
156,Lea's,174,Ajay CC Misc Dec Non-B&P
156,Lea's,175,Ajay CC Sprint 3 Non-B&P
156,Lea's,179,Ajay CC December Release
156,Lea's,187,Ajay CC Sp3 Non-P&O Jan Rel
156,Lea's,211,CD Sprint 1 - Release 4.2
156,Lea's,214,CD Sprint 4 - Release 4.2
156,Lea's,239,REL-070920
156,Lea's,240,REL-071620
156,Lea's,241,REL-072320
156,Lea's,242,REL-073020
156,Lea's,246,Summer 20
156,Lea's,259,REL-08062020
156,Lea's,261,REL-08202020
156,Lea's,284,REL-09102020
156,Lea's,285,REL-09172020
156,Lea's,286,REL-09242020
156,Lea's,287,REL-10012020
156,Lea's,288,REL-10082020
156,Lea's,344,Spring21
156,Lea's,436,PrePay
106,ESMS board,141,ESMS Sprint 1
106,ESMS board,142,ESMS Sprint 2
106,ESMS board,143,ESMS Sprint 3
106,ESMS board,144,ESMS Sprint 4
106,ESMS board,145,ESMS Sprint 5
106,ESMS board,146,ESMS Sprint 6
106,ESMS board,147,ESMS Sprint 7
1,CD board,36,CD Sprint 2 - Release 0
1,CD board,33,CD Sprint 1 - Release 0
1,CD board,38,CD Sprint 3 - Release 0
1,CD board,39,CD Sprint 4 - Release 0
1,CD board,45,CD Sprint 1 - Release 1
1,CD board,82,TEST1234 Sprint 1
1,CD board,97,Sprint 2B
1,CD board,100,R3 Sprint 3
1,CD board,30,FR0 Future Release
1,CD board,46,CD Sprint 1 - Release 2
1,CD board,47,CD Sprint 1 - Release 3
1,CD board,48,CD Sprint 1 - Release 4
1,CD board,49,CD Sprint 2 - Release 1
1,CD board,51,CD Sprint 2 - Release 3
1,CD board,52,CD Sprint 2 - Release 4
1,CD board,50,CD Sprint 2 - Release 2
1,CD board,55,CD Sprint 3 - Release 3
1,CD board,56,CD Sprint 3 - Release 4
1,CD board,57,CD Sprint 4 - Release 1
1,CD board,58,CD Sprint 4 - Release 2
1,CD board,59,CD Sprint 4 - Release 3
1,CD board,60,CD Sprint 4 - Release 4
1,CD board,73,CD Sprint 3 - Release 4
1,CD board,74,CD Sprint 0 - Release 0
1,CD board,77,April 2022 Sprint 2
1,CD board,93,CD Sprint 0 - Release 1
1,CD board,137,CD Design Sprint 1
1,CD board,138,CD Design Sprint 2
1,CD board,139,CD Design Sprint 3
1,CD board,151,CD Design Sprint 2A
1,CD board,159,CD Sprint 3 - Release 1
1,CD board,160,CD Sprint 3 - Release 2
1,CD board,161,CD Sprint 2A - Release 3
1,CD board,173,CDI Sprint 4
1,CD board,174,Ajay CC Misc Dec Non-B&P
1,CD board,175,Ajay CC Sprint 3 Non-B&P
1,CD board,179,Ajay CC December Release
1,CD board,187,Ajay CC Sp3 Non-P&O Jan Rel
1,CD board,211,CD Sprint 1 - Release 4.2
1,CD board,214,CD Sprint 4 - Release 4.2
1,CD board,239,REL-070920
1,CD board,240,REL-071620
1,CD board,241,REL-072320
1,CD board,242,REL-073020
1,CD board,246,Summer 20
1,CD board,259,REL-08062020
1,CD board,260,REL-08132020
1,CD board,261,REL-08202020
1,CD board,262,REL-08272020
1,CD board,284,REL-09102020
1,CD board,285,REL-09172020
1,CD board,286,REL-09242020
1,CD board,287,REL-10012020
1,CD board,288,REL-10082020
1,CD board,289,REL-10152020
1,CD board,290,REL-10222020
1,CD board,291,REL-10292020
1,CD board,344,Spring21
1,CD board,436,PrePay
281,IPRE board,204,IT PMO Sprint 1 (3/1 - 4/1)
281,IPRE board,207,IPRE Sprint 2
355,AUP board,252,AUP Sprint 1
355,AUP board,251,AUP Sprint 2
355,AUP board,274,AUP Sprint 3
355,AUP board,282,AUP Sprint 4
355,AUP board,296,AUP Sprint 5
355,AUP board,301,AUP Sprint 6
355,AUP board,306,AUP Sprint 7
355,AUP board,318,AUP Sprint 8
355,AUP board,326,AUP Sprint 9
355,AUP board,334,AUP Sprint 10
355,AUP board,339,AUP Sprint 11
355,AUP board,341,AUP Sprint 12
355,AUP board,349,AUP Sprint 13
355,AUP board,375,AUP Sprint 14
355,AUP board,418,AUP Sprint 15
355,AUP board,442,AUP Sprint 16
355,AUP board,494,AUP Sprint 17
355,AUP board,528,AUP Sprint 18
355,AUP board,570,AUP Sprint 19
355,AUP board,603,AUP Sprint 20
355,AUP board,606,AUP Sprint 21
355,AUP board,640,AUP Sprint 22
355,AUP board,664,AUP Sprint 23
355,AUP board,684,AUP Sprint 24
355,AUP board,710,AUP Sprint 25
355,AUP board,711,AUP Sprint 26
355,AUP board,756,AUP Sprint 27
355,AUP board,784,AUP Sprint 28
355,AUP board,816,AUP Sprint 29
355,AUP board,884,AUP Sprint 31
355,AUP board,955,AUP Sprint 33
355,AUP board,1092,AUP Sprint 34
355,AUP board,1093,AUP Sprint 35
355,AUP board,1094,AUP Sprint 36
355,AUP board,1095,AUP Sprint 37
430,IOE board,540,Patching Approach Sprint 1
469,CI Sprint 4,55,CD Sprint 3 - Release 3
469,CI Sprint 4,60,CD Sprint 4 - Release 4
469,CI Sprint 4,77,April 2022 Sprint 2
469,CI Sprint 4,173,CDI Sprint 4
417,DOCMBOT board,439,DOCMBOT Sprint 1
220,TDMPBI board,118,ITPMO Sprint 1 (9/18- 10/18)
220,TDMPBI board,165,ITPMO Sprint 2 (10/28 - 11/22)
220,TDMPBI board,203,TBM Sprint 1 2020 (1/29-2/26)
220,TDMPBI board,229,TBM Sprint 2 2020 (6/16-6/30)
220,TDMPBI board,483,TBM Sprint 1 2021 (May)
220,TDMPBI board,517,TBM Sprint 1 2021 (June) 2
220,TDMPBI board,572,TBM Sprint 3 2021 (July) 3
220,TDMPBI board,573,T Team Sprint1 2021 (July) 4
220,TDMPBI board,582,T Team Sprint1 2021 (August) 5
220,TDMPBI board,586,T Team Sprint1 2021 (August) 6
220,TDMPBI board,609,Core Sprint 2021 (September)
220,TDMPBI board,610,Tech Sprint 2021 (September)
220,TDMPBI board,649,Tech Sprint 2021 (October)
220,TDMPBI board,650,Core 2021 (October)
220,TDMPBI board,666,Tech Sprint 2021 (November)
220,TDMPBI board,678,Core Sprint 2021 (November)
220,TDMPBI board,698,Core Sprint 2021 (December)
220,TDMPBI board,699,Tech Sprint 2021 (December)
220,TDMPBI board,723,Tech Sprint 2021 February
220,TDMPBI board,724,Core Sprint 2021 February
220,TDMPBI board,778,Core Sprint 2021 March
220,TDMPBI board,779,Tech Sprint 2022 March
220,TDMPBI board,797,Tech Sprint 2022 April
220,TDMPBI board,801,Core Sprint May
220,TDMPBI board,835,Tech Sprint 2022 May
258,CTA board,170,CTA Sprint 1
258,CTA board,171,CTA Sprint 2
258,CTA board,182,CTA Sprint 3
258,CTA board,202,CTA Sprint 4
512,EF board,836,EF Sprint 1
492,CLMCPQ board,766,CLMCPQ Sprint 1
492,CLMCPQ board,817,CLMCPQ Sprint 2
492,CLMCPQ board,821,CLMCPQ Sprint 3
492,CLMCPQ board,822,CLMCPQ Sprint 4
492,CLMCPQ board,823,CLMCPQ Sprint 5
492,CLMCPQ board,824,CLMCPQ Sprint 6
492,CLMCPQ board,825,CLMCPQ Sprint 7
492,CLMCPQ board,826,CLMCPQ Sprint 8
492,CLMCPQ board,827,CLMCPQ Sprint 9
492,CLMCPQ board,828,CLMCPQ Sprint 10
492,CLMCPQ board,829,CLMCPQ Sprint 11
492,CLMCPQ board,1024,CLMCPQ R2 UAT - Sprint 1
492,CLMCPQ board,1046,CLMCPQ R2 UAT
492,CLMCPQ board,1047,CLMCPQ CCS Int - Sprint 2
492,CLMCPQ board,1048,CLMCPQ - Hypercare - 3/20 Rel
492,CLMCPQ board,1160,CLMCPQ - Hypercare - 3/30 Rel
556,EMI board,1010,EMI Sprint 1
566,LIG23 board,1066,LIG23 Sprint 1
485,CI Board,856,July 2022 Sprint 2 Blue
485,CI Board,859,August 2022 Sprint 1 Blue
485,CI Board,861,August 2022 Sprint 2 Blue
485,CI Board,863,Sept 2022 Sprint 1 Blue
485,CI Board,865,Sept 2022 Sprint 2 Blue
485,CI Board,867,Oct 2022 Sprint 1 Blue
485,CI Board,869,Oct 2022 Sprint 2 Blue
485,CI Board,871,Nov 2022 Sprint 3 Blue
485,CI Board,873,Nov 2022 Sprint 1 Blue
485,CI Board,875,Nov 2022 Sprint 2 Blue
485,CI Board,877,Dec 2022 Sprint 1 Blue
485,CI Board,879,Dec 2022 Sprint 2 Blue
485,CI Board,798,May 2022 Sprint 1 Blue
485,CI Board,799,May 2022 Sprint 2 Blue
485,CI Board,800,April 2022 Sprint 2
485,CI Board,813,May 2022 Sprint 1 Orange
485,CI Board,814,May 2022 Sprint 2 Orange
485,CI Board,843,June 2022 Sprint 1 Orange
485,CI Board,844,June 2022 Sprint 1 Blue
485,CI Board,845,June 2022 Sprint 2 Orange
485,CI Board,846,June 2022 Sprint 2 Blue
485,CI Board,851,June 2022 Sprint 3 Orange
485,CI Board,852,June 2022 Sprint 3 Blue
485,CI Board,853,July 2022 Sprint 1 Orange
485,CI Board,854,July 2022 Sprint 1 Blue
485,CI Board,855,July 2022 Sprint 2 Orange
485,CI Board,858,August 2022 Sprint 1 Orange
485,CI Board,860,August 2022 Sprint 2 Orange
485,CI Board,862,Sept 2022 Sprint 1 Orange
485,CI Board,864,Sept 2022 Sprint 2 Orange
485,CI Board,866,Oct 2022 Sprint 1 Orange
485,CI Board,868,Oct 2022 Sprint 2 Orange
485,CI Board,870,Nov 2022 Sprint 3 Orange
485,CI Board,872,Nov 2022 Sprint 1 Orange
485,CI Board,874,Nov 2022 Sprint 2 Orange
485,CI Board,876,Dec 2022 Sprint 1 Orange
485,CI Board,878,GTM Team Orange
573,EFCT2 board,1118,Sprint - Filing Pre-Work
573,EFCT2 board,1119,Sprint - Kickoff/Per Book
573,EFCT2 board,1121,Sprint - FLT due 3/1
573,EFCT2 board,1122,Sprint - FLT due 3/7
573,EFCT2 board,1124,Sprint - FLT due 3/14
573,EFCT2 board,1125,Sprint - FLT due 3/24
573,EFCT2 board,1126,Sprint - FLT due 3/31
573,EFCT2 board,1127,Sprint - FLT due 4/6
573,EFCT2 board,1128,Sprint - FLT due 4/13
573,EFCT2 board,1129,Sprint - FLT due 4/20
573,EFCT2 board,1130,Sprint - FLT due 4/27
573,EFCT2 board,1131,Sprint - FLT due 5/15
573,EFCT2 board,1132,Sprint - FLT due 5/31
565,CAI board,1087,CAI Sprint 1
565,CAI board,1102,CAI Sprint 2
565,CAI board,1116,CAI Sprint 3
565,CAI board,1133,CAI Sprint 4
565,CAI board,1149,CAI Sprint 5
565,CAI board,1154,CAI Sprint 6
565,CAI board,1165,CAI Sprint 7
565,CAI board,1168,CAI Sprint 8
565,CAI board,1195,CAI Sprint 9
565,CAI board,1209,CAI Sprint 10
565,CAI board,1210,CAI Sprint 11
565,CAI board,1218,CAI Sprint 12
565,CAI board,1227,CAI Sprint 13
565,CAI board,1230,CAI Sprint 14
565,CAI board,1244,CAI Sprint 15
565,CAI board,1246,CAI Sprint 16
565,CAI board,1247,CAI Sprint 17
565,CAI board,1248,CAI Sprint 18
565,CAI board,1249,CAI Sprint 19
565,CAI board,1251,CAI Sprint 20
565,CAI board,1262,CAI Sprint 21
565,CAI board,1266,CAI Sprint 22
565,CAI board,1268,CAI Sprint 23
565,CAI board,1272,CAI Sprint 24
565,CAI board,1279,Test sprint 1
565,CAI board,1288,CAI Sprint 25
565,CAI board,1291,CAI Sprint 26
565,CAI board,1293,CAI Sprint 27
565,CAI board,1335,CAI Sprint 28
565,CAI board,1350,CAI Sprint 29
565,CAI board,1369,CAI Sprint 30
565,CAI board,1377,CAI Sprint 31
565,CAI board,1385,CAI Sprint 32
565,CAI board,1400,CAI Sprint 33
565,CAI board,1419,CAI Sprint 34
565,CAI board,1429,CAI Sprint 35
565,CAI board,1333,Carbon Sprint 4
595,MCI board,1219,MCI Sprint 3.2
595,MCI board,1228,MCI Sprint 4.1
595,MCI board,1231,MCI Sprint 4.2
595,MCI board,1232,MCI Sprint 5.1
595,MCI board,1233,MCI Sprint 5.2
595,MCI board,1235,MCI Sprint 6.1
595,MCI board,1236,MCI Sprint 6.2
595,MCI board,1237,MCI Sprint 7.1
595,MCI board,1238,MCI Sprint 7.2
595,MCI board,1239,MCI Sprint 8.1
595,MCI board,1240,MCI Sprint 8.2
595,MCI board,1241,MCI Sprint 9.1
595,MCI board,1242,MCI Sprint 9.2
595,MCI board,1292,MCI 2024 Sprint 0
595,MCI board,1329,MCI 2024 Sprint 1.1
595,MCI board,1330,MCI 2024 Sprint 1.2
595,MCI board,1331,MCI 2024 Sprint 2.1
595,MCI board,1332,MCI 2024 Sprint 2.2
595,MCI board,1397,MCI 2024 Sprint 3.1
595,MCI board,1402,MCI 2024 Sprint 3.2
595,MCI board,1427,MCI 2024 Sprint 4.1
595,MCI board,1436,MCI 2024 Sprint 4.2
595,MCI board,1447,MCI 2024 Sprint 5.1
595,MCI board,1455,MCI 2024 Sprint 5.2
595,MCI board,1457,MCI 2024 Sprint 6.1
595,MCI board,1468,MCI 2024 Sprint 6.2
595,MCI board,1478,MCI 2024 Sprint 7.1
595,MCI board,1483,MCI 2024 Sprint 7.2
595,MCI board,1484,MCI 2024 Sprint 8.1
595,MCI board,1485,MCI 2024 Sprint 8.2
595,MCI board,1528,MCI 2024 Sprint 9.1
595,MCI board,1552,MCI 2024 Sprint 9.2
595,MCI board,1562,MCI 2024 Sprint 10.1
595,MCI board,1575,MCI 2024 Sprint 10.2
595,MCI board,1587,MCI 2024 Sprint 11.1
595,MCI board,1598,MCI 2024 Sprint 11.2
595,MCI board,1610,MCI 2024 Sprint 11.2
595,MCI board,1611,MCI 2024 Sprint 12.1
595,MCI board,1619,MCI 2024 Sprint 12.2
595,MCI board,1624,MCI 2025 Sprint 0
595,MCI board,1642,MCI 2025 Sprint 1.1
595,MCI board,1745,MCI 2025 Sprint 1.2
595,MCI board,1945,MCI 2025 Sprint 2.1
595,MCI board,2189,MCI 2025 Sprint 2.2
595,MCI board,2288,MCI 2025 Sprint 3.1
595,MCI board,2684,MCI 2025 Sprint 3.2
595,MCI board,2945,MCI 2025 Sprint 4.1
595,MCI board,3251,MCI 2025 Sprint 4.2
595,MCI board,3416,MCI 2025 Sprint 5.1
608,MYMFA board,1280,MYMFA Sprint 0
608,MYMFA board,1281,MYMFA Sprint 1
608,MYMFA board,1282,MYMFA Sprint 2
608,MYMFA board,1283,MYMFA Sprint 3
608,MYMFA board,1341,MYMFA Sprint 4
608,MYMFA board,1342,MYMFA Sprint 5
608,MYMFA board,1343,MYMFA Sprint 6
608,MYMFA board,1344,MYMFA Sprint 7
608,MYMFA board,1345,MYMFA Sprint 8
608,MYMFA board,1346,MYMFA Sprint 9
608,MYMFA board,1371,MYMFA Sprint 10
608,MYMFA board,1372,MYMFA Sprint 11
626,RR board,1398,RR Sprint 2
626,RR board,1399,RR Sprint 3 - Apr 2024
626,RR board,1401,RR Sprint 4 - May 2024
626,RR board,1408,RR Sprint 5 - Jun 2024
626,RR board,1409,RR Sprint 6 - Jul 2024
626,RR board,1410,RR Sprint 7 - Aug 2024
626,RR board,1411,RR Sprint 8 - Sep 2024
626,RR board,1412,RR Sprint 9 - Oct 2024
626,RR board,1413,RR Sprint 10 - Nov 2024
626,RR board,1414,RR Sprint 11- Dec 2024
614,EBC Replacement,1116,CAI Sprint 3
614,EBC Replacement,1133,CAI Sprint 4
614,EBC Replacement,1149,CAI Sprint 5
614,EBC Replacement,1154,CAI Sprint 6
614,EBC Replacement,1165,CAI Sprint 7
614,EBC Replacement,1168,CAI Sprint 8
614,EBC Replacement,1195,CAI Sprint 9
614,EBC Replacement,1209,CAI Sprint 10
614,EBC Replacement,1210,CAI Sprint 11
614,EBC Replacement,1218,CAI Sprint 12
614,EBC Replacement,1227,CAI Sprint 13
614,EBC Replacement,1230,CAI Sprint 14
614,EBC Replacement,1244,CAI Sprint 15
614,EBC Replacement,1246,CAI Sprint 16
614,EBC Replacement,1247,CAI Sprint 17
607,BCI board,1367,BCI Sprint 1
607,BCI board,1368,BCI Sprint 2
591,MYEN board,1443,2424MYEN
591,MYEN board,1462,2426MYEN
591,MYEN board,1476,2428MYEN
591,MYEN board,1486,2430MYEN
591,MYEN board,1500,2432MYEN
591,MYEN board,1501,2434MYEN
591,MYEN board,1526,2436MYEN
591,MYEN board,1550,2438MYEN
591,MYEN board,1559,2440MYEN
591,MYEN board,1573,2442MYEN
591,MYEN board,1585,2444MYEN
591,MYEN board,1204,MYEN Pre Sprint
591,MYEN board,1194,MYEN Sprint 1 (11 May- 7 Jun)
591,MYEN board,1197,MYEN Sprint 2 (8 Jun - 5 Jul)
591,MYEN board,1198,MYEN Sprint 3 (6 Jul - 9 Aug)
591,MYEN board,1199,MYEN Sprint 4 (10Aug - 30 Aug)
591,MYEN board,1200,MYEN Sprint 5 (31 Aug-27 Sep)
591,MYEN board,1201,MYEN Sprint 6 (28 Sep-15 Dec)
591,MYEN board,1310,2401MYEN
591,MYEN board,1312,2402MYEN
591,MYEN board,1339,2404MYEN
591,MYEN board,1393,2416MYEN
591,MYEN board,1364,2406MYEN
591,MYEN board,1376,2408MYEN
591,MYEN board,1380,2410MYEN
591,MYEN board,1392,2414MYEN
591,MYEN board,1391,2412MYEN
591,MYEN board,1422,2418MYEN
591,MYEN board,1423,2420MYEN
591,MYEN board,1424,2422MYEN
591,MYEN board,1421,2446MYEN
591,MYEN board,1599,2448MYEN
591,MYEN board,2157,MYENT Sprint 0
591,MYEN board,1607,Refinement
591,MYEN board,1417,Pre-Refinement
591,MYEN board,1382,Staging Area
591,MYEN board,2029,Staging Area 2
606,C&I Portal - Carbon Emissions,1116,CAI Sprint 3
606,C&I Portal - Carbon Emissions,1133,CAI Sprint 4
606,C&I Portal - Carbon Emissions,1149,CAI Sprint 5
606,C&I Portal - Carbon Emissions,1154,CAI Sprint 6
606,C&I Portal - Carbon Emissions,1165,CAI Sprint 7
606,C&I Portal - Carbon Emissions,1168,CAI Sprint 8
606,C&I Portal - Carbon Emissions,1195,CAI Sprint 9
606,C&I Portal - Carbon Emissions,1209,CAI Sprint 10
606,C&I Portal - Carbon Emissions,1210,CAI Sprint 11
606,C&I Portal - Carbon Emissions,1218,CAI Sprint 12
606,C&I Portal - Carbon Emissions,1227,CAI Sprint 13
606,C&I Portal - Carbon Emissions,1230,CAI Sprint 14
606,C&I Portal - Carbon Emissions,1244,CAI Sprint 15
606,C&I Portal - Carbon Emissions,1246,CAI Sprint 16
606,C&I Portal - Carbon Emissions,1247,CAI Sprint 17
606,C&I Portal - Carbon Emissions,1276,Carbon Sprint 1
606,C&I Portal - Carbon Emissions,1277,Carbon Test sprint
606,C&I Portal - Carbon Emissions,1298,Carbon Sprint 2
606,C&I Portal - Carbon Emissions,1322,Carbon Sprint 3
606,C&I Portal - Carbon Emissions,1323,Carbon Sprint 4
606,C&I Portal - Carbon Emissions,1324,Carbon Sprint 5
606,C&I Portal - Carbon Emissions,1325,Carbon Sprint 6
606,C&I Portal - Carbon Emissions,1327,Carbon Sprint 7
606,C&I Portal - Carbon Emissions,1383,Carbon Sprint 8
630,FON board,1450,FON Sprint 1
634,Phase 3 C&I Continuous Improvement,1459,Phase Sprint 1
634,Phase 3 C&I Continuous Improvement,1494,Phase Sprint 2
634,Phase 3 C&I Continuous Improvement,1507,Phase Sprint 3
634,Phase 3 C&I Continuous Improvement,1531,Phase Sprint 4
634,Phase 3 C&I Continuous Improvement,1557,Phase Sprint 5
634,Phase 3 C&I Continuous Improvement,1558,Phase Sprint 6
634,Phase 3 C&I Continuous Improvement,1581,Phase Sprint 7
634,Phase 3 C&I Continuous Improvement,1601,Phase Sprint 8
634,Phase 3 C&I Continuous Improvement,1617,Phase Sprint 9
634,Phase 3 C&I Continuous Improvement,1623,Phase Sprint 10
616,C&I Portal EBusiness Self-Service,1116,CAI Sprint 3
616,C&I Portal EBusiness Self-Service,1133,CAI Sprint 4
616,C&I Portal EBusiness Self-Service,1149,CAI Sprint 5
616,C&I Portal EBusiness Self-Service,1154,CAI Sprint 6
616,C&I Portal EBusiness Self-Service,1165,CAI Sprint 7
616,C&I Portal EBusiness Self-Service,1168,CAI Sprint 8
616,C&I Portal EBusiness Self-Service,1195,CAI Sprint 9
616,C&I Portal EBusiness Self-Service,1209,CAI Sprint 10
616,C&I Portal EBusiness Self-Service,1210,CAI Sprint 11
616,C&I Portal EBusiness Self-Service,1218,CAI Sprint 12
616,C&I Portal EBusiness Self-Service,1227,CAI Sprint 13
616,C&I Portal EBusiness Self-Service,1230,CAI Sprint 14
616,C&I Portal EBusiness Self-Service,1244,CAI Sprint 15
616,C&I Portal EBusiness Self-Service,1246,CAI Sprint 16
616,C&I Portal EBusiness Self-Service,1247,CAI Sprint 17
616,C&I Portal EBusiness Self-Service,1287,C&I Portal Sprint 0.1
616,C&I Portal EBusiness Self-Service,1289,C&I Portal Sprint 0.2
616,C&I Portal EBusiness Self-Service,1294,C&I Portal Sprint 1
616,C&I Portal EBusiness Self-Service,1299,C&I Portal Sprint 2
616,C&I Portal EBusiness Self-Service,1352,C&I Portal Sprint 7
616,C&I Portal EBusiness Self-Service,1347,C&I Portal Sprint 3
616,C&I Portal EBusiness Self-Service,1348,C&I Portal Sprint 4
616,C&I Portal EBusiness Self-Service,1349,C&I Portal Sprint 5
616,C&I Portal EBusiness Self-Service,1351,C&I Portal Sprint 6
616,C&I Portal EBusiness Self-Service,1353,C&I Portal Sprint 8
616,C&I Portal EBusiness Self-Service,1355,C&I Portal Sprint 10
616,C&I Portal EBusiness Self-Service,1356,C&I Portal Sprint 11
616,C&I Portal EBusiness Self-Service,1357,C&I Portal Sprint 12
616,C&I Portal EBusiness Self-Service,1358,C&I Portal Sprint 13
616,C&I Portal EBusiness Self-Service,1359,C&I Portal Sprint 14
616,C&I Portal EBusiness Self-Service,1434,C&I Portal Sprint 9
616,C&I Portal EBusiness Self-Service,1481,C&I Portal Sprint 15
616,C&I Portal EBusiness Self-Service,1497,C&I Portal Sprint 16
616,C&I Portal EBusiness Self-Service,1505,C&I Portal Sprint 17
616,C&I Portal EBusiness Self-Service,1506,C&I Portal Sprint 18
616,C&I Portal EBusiness Self-Service,1510,C&I Portal Sprint 19
616,C&I Portal EBusiness Self-Service,1571,Defects 2.0
616,C&I Portal EBusiness Self-Service,1594,Hypercare
633,Marketing Cloud Project,1454,MCP Sprint 1
633,Marketing Cloud Project,1458,MCP Sprint 2
633,Marketing Cloud Project,1464,MCP Sprint 3
633,Marketing Cloud Project,1479,MCP Sprint 4
633,Marketing Cloud Project,1495,MCP Sprint 5
633,Marketing Cloud Project,1530,MCP Sprint 6
633,Marketing Cloud Project,1553,MCP Sprint 7
633,Marketing Cloud Project,1563,MCP Sprint 8
633,Marketing Cloud Project,1576,MCP Sprint 9
633,Marketing Cloud Project,1588,MCP Sprint 10
633,Marketing Cloud Project,1600,MCP Sprint 11
633,Marketing Cloud Project,1632,MCP Sprint 12
633,Marketing Cloud Project,1644,MCP Sprint 13
633,Marketing Cloud Project,1778,MCP Sprint 14
633,Marketing Cloud Project,1948,MCP Sprint 15
633,Marketing Cloud Project,2190,MCP Sprint 16
633,Marketing Cloud Project,2322,MCP Sprint 17
633,Marketing Cloud Project,2651,MCP Sprint 18
633,Marketing Cloud Project,2948,MCP Sprint 19
633,Marketing Cloud Project,3284,MCP Sprint 20
709,MEB board,1276,Carbon Sprint 1
709,MEB board,1287,C&I Portal Sprint 0.1
709,MEB board,1288,CAI Sprint 25
709,MEB board,1289,C&I Portal Sprint 0.2
709,MEB board,1294,C&I Portal Sprint 1
709,MEB board,1298,Carbon Sprint 2
709,MEB board,1299,C&I Portal Sprint 2
709,MEB board,1322,Carbon Sprint 3
709,MEB board,1323,Carbon Sprint 4
709,MEB board,1324,Carbon Sprint 5
709,MEB board,1325,Carbon Sprint 6
709,MEB board,1327,Carbon Sprint 7
709,MEB board,1352,C&I Portal Sprint 7
709,MEB board,1347,C&I Portal Sprint 3
709,MEB board,1348,C&I Portal Sprint 4
709,MEB board,1349,C&I Portal Sprint 5
709,MEB board,1351,C&I Portal Sprint 6
709,MEB board,1353,C&I Portal Sprint 8
709,MEB board,1355,C&I Portal Sprint 10
709,MEB board,1356,C&I Portal Sprint 11
709,MEB board,1357,C&I Portal Sprint 12
709,MEB board,1358,C&I Portal Sprint 13
709,MEB board,1383,Carbon Sprint 8
709,MEB board,1359,C&I Portal Sprint 14
709,MEB board,1434,C&I Portal Sprint 9
709,MEB board,1481,C&I Portal Sprint 15
709,MEB board,1497,C&I Portal Sprint 16
709,MEB board,1505,C&I Portal Sprint 17
709,MEB board,1506,C&I Portal Sprint 18
709,MEB board,1510,C&I Portal Sprint 19
709,MEB board,1571,Defects 2.0
709,MEB board,1594,Hypercare
709,MEB board,1617,Phase Sprint 9
709,MEB board,1712,MEB Sprint 2
709,MEB board,2072,MEB Sprint 3
709,MEB board,2073,MEB Sprint 4
709,MEB board,2074,MEB Sprint 5
709,MEB board,2075,MEB Sprint 6
709,MEB board,2076,MEB Sprint 7
709,MEB board,1269,Carbon Sprint 1
709,MEB board,2077,MEB Sprint 8
709,MEB board,2078,MEB Sprint 9
709,MEB board,2079,MEB Sprint 10
709,MEB board,2080,MEB Sprint 11
709,MEB board,2081,MEB Sprint 12
709,MEB board,2082,MEB Sprint 13
709,MEB board,2083,MEB Sprint 14
709,MEB board,2084,MEB Sprint 15
709,MEB board,2085,MEB Sprint 16
709,MEB board,2086,MEB Sprint 17
709,MEB board,2087,MEB Sprint 18
709,MEB board,2088,MEB Sprint 19
709,MEB board,2089,MEB Sprint 20
709,MEB board,2090,MEB Sprint 21
709,MEB board,2091,MEB Sprint 22
676,CAPC board,1443,2424MYEN
676,CAPC board,928,CAP Sprint 1
676,CAPC board,1462,2426MYEN
676,CAPC board,1476,2428MYEN
676,CAPC board,1500,2432MYEN
676,CAPC board,1526,2436MYEN
676,CAPC board,1550,2438MYEN
676,CAPC board,1559,2440MYEN
676,CAPC board,1573,2442MYEN
676,CAPC board,1585,2444MYEN
676,CAPC board,1076,CAP Sprint 2
676,CAPC board,1338,2404CAP
676,CAPC board,1363,2406CAP
676,CAPC board,1375,2408CAP
676,CAPC board,1379,2410 CAP
676,CAPC board,1395,2414CAP
676,CAPC board,1394,2412CAP
676,CAPC board,1396,2416CAP
676,CAPC board,1446,2424CAP
676,CAPC board,1433,2418CAP
676,CAPC board,1463,2426CAP
676,CAPC board,1444,2420CAP
676,CAPC board,1445,2422CAP
676,CAPC board,1475,2428CAP
676,CAPC board,1487,2430CAP
676,CAPC board,1502,2432CAP
676,CAPC board,1503,2434CAP
676,CAPC board,1525,2436CAP
676,CAPC board,1551,2438CAP
676,CAPC board,1560,2440CAP
676,CAPC board,1574,2442CAP
676,CAPC board,1646,CAPC Sprint 0
676,CAPC board,1586,2444CAP
676,CAPC board,1421,2446MYEN
676,CAPC board,1943,CAPC Sprint 2510
676,CAPC board,2043,CAPC Sprint 2512
676,CAPC board,2045,CAPC Sprint 2514
676,CAPC board,2046,CAPC Sprint 2516
676,CAPC board,1599,2448MYEN
676,CAPC board,1606,2446CAP
676,CAPC board,1613,2448CAP
676,CAPC board,3015,CAPC Sprint 2518
676,CAPC board,3327,CAPC Sprint 2520
676,CAPC board,2047,Refinement
676,CAPC board,1420,Pre-Refinement
676,CAPC board,2044,Future Sprint
676,CAPC board,3483,CAPC Sprint 2522
674,MFA2025 board,1636,MFA2025 Sprint 2
674,MFA2025 board,1679,MFA2025 Sprint 1
674,MFA2025 board,1877,MFA2025 Sprint 3
674,MFA2025 board,1878,MFA2025 Sprint 4
674,MFA2025 board,2982,MFA2025 Sprint 5
674,MFA2025 board,2983,MFA2025 Sprint 6
674,MFA2025 board,2984,MFA2025 Sprint 7
657,IV board,1521,IV Sprint 1
775,MAS 9.1 Upgrade,1625,DMAN2024 Sprint 1
775,MAS 9.1 Upgrade,1627,DMAN2024 Sprint 3
775,MAS 9.1 Upgrade,1628,DMAN2024 Sprint 4
775,MAS 9.1 Upgrade,1629,DMAN2024 Sprint 5
775,MAS 9.1 Upgrade,1631,DMAN2024 Sprint 7
874,ITPMOBACK board,1946,ITPMOBAC Sprint 1
672,MYSC board,856,July 2022 Sprint 2 Blue
672,MYSC board,859,August 2022 Sprint 1 Blue
672,MYSC board,861,August 2022 Sprint 2 Blue
672,MYSC board,863,Sept 2022 Sprint 1 Blue
672,MYSC board,865,Sept 2022 Sprint 2 Blue
672,MYSC board,867,Oct 2022 Sprint 1 Blue
672,MYSC board,869,Oct 2022 Sprint 2 Blue
672,MYSC board,871,Nov 2022 Sprint 3 Blue
672,MYSC board,873,Nov 2022 Sprint 1 Blue
672,MYSC board,875,Nov 2022 Sprint 2 Blue
672,MYSC board,877,Dec 2022 Sprint 1 Blue
672,MYSC board,879,Dec 2022 Sprint 2 Blue
672,MYSC board,1477,2428MSC
672,MYSC board,1311,2402MSC
672,MYSC board,1340,2404PRME
672,MYSC board,1365,2406MSC
672,MYSC board,1366,2406PRME
672,MYSC board,1373,2408PRME
672,MYSC board,1374,2408MSC
672,MYSC board,1381,2410MSC
672,MYSC board,1389,2414MSC
672,MYSC board,1388,2412MSC
672,MYSC board,1390,2416MSC
672,MYSC board,1442,2424MSC
672,MYSC board,1461,2426MSC
672,MYSC board,1498,2432MSC
672,MYSC board,1488,2430MSC
672,MYSC board,1499,2434MSC
672,MYSC board,1527,2436MSC
672,MYSC board,1431,2418MSC
672,MYSC board,1440,2420MSC
672,MYSC board,1441,2422MSC
672,MYSC board,1549,2438MSC
672,MYSC board,1561,2440MSC
672,MYSC board,1572,2442MSC
672,MYSC board,1584,2444MSC
672,MYSC board,2011,MSC25 Sprint 3
672,MYSC board,1595,2446MSC
672,MYSC board,1612,2448MSC
672,MYSC board,1622,MSC25 Sprint 0
672,MYSC board,1976,MSC25 Sprint 1
672,MYSC board,2010,MSC25 Sprint 2
672,MYSC board,2012,MSC25 Sprint 4
672,MYSC board,2013,MSC25 Sprint 5
672,MYSC board,2946,TO-BE Refined
672,MYSC board,2321,TO-BE Scoped
672,MYSC board,2986,Sprint Ready
672,MYSC board,1415,Pre-Refinement
672,MYSC board,2014,MSC25 Sprint 6
672,MYSC board,2015,MSC25 Sprint 7
672,MYSC board,2016,MSC25 Sprint 8
672,MYSC board,2017,MSC25 Sprint 9
672,MYSC board,2018,MSC25 Sprint 10
672,MYSC board,2019,MSC25 Sprint 11
672,MYSC board,2020,MSC25 Sprint 12
672,MYSC board,2021,MSC25 Sprint 13
672,MYSC board,2022,MSC25 Sprint 14
672,MYSC board,2023,MSC25 Sprint 15
672,MYSC board,2024,MSC25 Sprint 16
672,MYSC board,2025,MSC25 Sprint 17
672,MYSC board,2026,MSC25 Sprint 18
672,MYSC board,2027,MSC25 Sprint 19
672,MYSC board,2028,MSC25 Sprint 20
744,Project Delta - SalesForce Work,1850,PI25.1.PDS Sprint01
744,Project Delta - SalesForce Work,1813,PI25.2.PDS Sprint03
744,Project Delta - SalesForce Work,1814,PI25.2.PDS Sprint04
744,Project Delta - SalesForce Work,2357,PI25.1.PDS Sprint02
744,Project Delta - SalesForce Work,1815,PI25.2.PDS Sprint05
744,Project Delta - SalesForce Work,2163,0 - Alignment
744,Project Delta - SalesForce Work,1816,PI25.2.PDS Sprint06
744,Project Delta - SalesForce Work,1818,6
744,Project Delta - SalesForce Work,2158,7
744,Project Delta - SalesForce Work,2159,8
744,Project Delta - SalesForce Work,2160,9
744,Project Delta - SalesForce Work,2161,10
744,Project Delta - SalesForce Work,2162,11
744,Project Delta - SalesForce Work,2354,11 2
744,Project Delta - SalesForce Work,2355,11 3
744,Project Delta - SalesForce Work,2356,11 4
744,Project Delta - SalesForce Work,2489,11 5
841,MAS9 board,1853,MAS9 Sprint 1
1501,ACCTCI board,3318,ACCTCI Sprint 2
1501,ACCTCI board,3350,ACCTCI Sprint 3
1501,ACCTCI board,3351,ACCTCI Sprint 4
1501,ACCTCI board,3356,ACCTCI Sprint 5
1501,ACCTCI board,3357,ACCTCI Sprint 6
1501,ACCTCI board,3358,ACCTCI Sprint 7
1501,ACCTCI board,3359,ACCTCI Sprint 8
1501,ACCTCI board,3360,ACCTCI Sprint 9
1501,ACCTCI board,3361,ACCTCI Sprint 10
1501,ACCTCI board,3362,ACCTCI Sprint 11
1501,ACCTCI board,3363,ACCTCI Sprint 12
1501,ACCTCI board,3364,ACCTCI Sprint 13
1501,ACCTCI board,3365,ACCTCI Sprint 14
1501,ACCTCI board,3366,ACCTCI Sprint 15
1501,ACCTCI board,3367,ACCTCI Sprint 16
1501,ACCTCI board,3368,ACCTCI Sprint 17
1501,ACCTCI board,3369,ACCTCI Sprint 18
1501,ACCTCI board,3370,ACCTCI Sprint 19
1534,ITPMODAA board,3328,ITPMODAA Sprint 1
1600,CSOS board,3355,CSOS Sprint 1
1171,CB Scrum Team 1,2794,CB Team 1: Sprint 1
1171,CB Scrum Team 1,2807,CB Team 1: Sprint 2
1171,CB Scrum Team 1,2808,CB Team 1: Sprint 3
1171,CB Scrum Team 1,2809,CB Team 1: Sprint 4
1171,CB Scrum Team 1,2810,CB Team 1: Sprint 5
1171,CB Scrum Team 1,3520,CB Team 1: Sprint 6
1072,CUSSYSLEAD board,2453,CUSSYSLE Sprint 1
984,MYENT board,1198,MYEN Sprint 3 (6 Jul - 9 Aug)
984,MYENT board,1201,MYEN Sprint 6 (28 Sep-15 Dec)
984,MYENT board,1599,2448MYEN
984,MYENT board,2157,MYENT Sprint 0
984,MYENT board,1607,Refinement
984,MYENT board,2223,Pre-Refinement
984,MYENT board,2981,Future Sprint
1105,Scrum Team Board,2618,EJTP Sprint 1
1105,Scrum Team Board,2979,EJTP Sprint 2
1105,Scrum Team Board,2980,EJTP Sprint 3
1172,CB Scrum Team 2,2787,CB Team 2:  Sprint 1
1172,CB Scrum Team 2,2789,CB Team 2:  Sprint 3
1172,CB Scrum Team 2,2790,CB Team 2:  Sprint 4
1172,CB Scrum Team 2,3516,CB Team 2:  Sprint 5
1172,CB Scrum Team 2,3517,CB Team 2:  Sprint 6
1204,Scrum Team X,2794,CB Team 1: Sprint 1
1204,Scrum Team X,2807,CB Team 1: Sprint 2
1204,Scrum Team X,2808,CB Team 1: Sprint 3
1204,Scrum Team X,2809,CB Team 1: Sprint 4
1204,Scrum Team X,2810,CB Team 1: Sprint 5
1173,CB Scrum Team 3,2799,CB Team 3:  Sprint 3
1173,CB Scrum Team 3,2800,CB Team 3:  Sprint 4
1173,CB Scrum Team 3,2806,CB Team 3:  Sprint 5
1173,CB Scrum Team 3,3518,CB Team 3:  Sprint 6
1174,CB Scrum Team 4,2803,CB Team 4:  Sprint 3
1174,CB Scrum Team 4,2790,CB Team 2:  Sprint 4
1174,CB Scrum Team 4,2804,CB Team 4:  Sprint 4
1174,CB Scrum Team 4,2805,CB Team 4:  Sprint 5
1174,CB Scrum Team 4,3519,CB Team 4:  Sprint 6
